{
  "tinkoff": {
    "host": "178.248.236.218",
    "port": 443,
    "executor": "exec",
    "app": "bombardier",
    "durationSecs": 60,
    "enabled": false
  },
  "glonass_94.79.10.194": {
    "host": "94.79.10.194",
    "port": 443,
    "executor": "exec",
    "app": "dripper",
    "durationSecs": 60,
    "enabled": false,
    "args": [
      "-m",
      "tcp"
    ]
  },
  "31.172.67.209": {
    "host": "31.172.67.209",
    "port": 443,
    "executor": "exec",
    "app": "bombardier",
    "durationSecs": 60,
    "enabled": false
  },
  "91.227.52.39": {
    "host": "91.227.52.39",
    "port": 443,
    "executor": "exec",
    "app": "bombardier",
    "durationSecs": 60,
    "enabled": false
  },
  "91.200.28.39": {
    "host": "91.200.28.39",
    "port": 443,
    "executor": "exec",
    "app": "bombardier",
    "durationSecs": 60,
    "enabled": false
  },
}
